{"cameraMode":{"drawMode":0,"name":"Shaded","section":"Shading Mode"},"sceneLighting":false,"audioPlay":false,"sceneViewState":{"showFog":true,"showMaterialUpdate":false,"showSkybox":true,"showFlares":true,"showImageEffects":true,"showParticleSystems":true},"in2DMode":false,"pivot":{"x":613.4185180664063,"y":-168.31533813476563,"z":33.32989501953125},"rotation":{"x":-0.1763148456811905,"y":0.027160782366991044,"z":-0.004867480602115393,"w":-0.9839470386505127},"size":1259.50244140625,"orthographic":false}