{"cameraMode":{"drawMode":0,"name":"Shaded","section":"Shading Mode"},"sceneLighting":false,"audioPlay":false,"sceneViewState":{"showFog":true,"showMaterialUpdate":false,"showSkybox":true,"showFlares":true,"showImageEffects":true,"showParticleSystems":true},"in2DMode":false,"pivot":{"x":13.385750770568848,"y":51.0091552734375,"z":9.518933296203614},"rotation":{"x":-0.23112519085407258,"y":-0.3245817720890045,"z":0.08212248980998993,"w":-0.9135008454322815},"size":4.143405437469482,"orthographic":false}