{"cameraMode":{"drawMode":0,"name":"Shaded","section":"Shading Mode"},"sceneLighting":true,"audioPlay":false,"sceneViewState":{"showFog":true,"showMaterialUpdate":false,"showSkybox":true,"showFlares":true,"showImageEffects":true,"showParticleSystems":true},"in2DMode":false,"pivot":{"x":-22.770402908325197,"y":2.903156280517578,"z":13.803752899169922},"rotation":{"x":-0.4338794946670532,"y":0.0072953226044774059,"z":-0.00351329636760056,"w":-0.9009345769882202},"size":58.68192672729492,"orthographic":false}