{"cameraMode":{"drawMode":0,"name":"Shaded","section":"Shading Mode"},"sceneLighting":true,"audioPlay":false,"sceneViewState":{"showFog":true,"showMaterialUpdate":false,"showSkybox":true,"showFlares":true,"showImageEffects":true,"showParticleSystems":true},"in2DMode":false,"pivot":{"x":-18.057416915893556,"y":21.890981674194337,"z":-21.741636276245118},"rotation":{"x":-0.35270747542381289,"y":-0.2649131119251251,"z":0.10483101010322571,"w":-0.8913074731826782},"size":9.415999412536621,"orthographic":false}