{"cameraMode":{"drawMode":0,"name":"Shaded","section":"Shading Mode"},"sceneLighting":true,"audioPlay":false,"sceneViewState":{"showFog":true,"showMaterialUpdate":false,"showSkybox":true,"showFlares":true,"showImageEffects":true,"showParticleSystems":true},"in2DMode":false,"pivot":{"x":0.03999900817871094,"y":1.0560001134872437,"z":-0.15132522583007813},"rotation":{"x":-0.2406456023454666,"y":0.33827754855155947,"z":-0.08992020785808563,"w":-0.9053023457527161},"size":28.00726318359375,"orthographic":false}