{"cameraMode":{"drawMode":0,"name":"Shaded","section":"Shading Mode"},"sceneLighting":false,"audioPlay":false,"sceneViewState":{"showFog":true,"showMaterialUpdate":false,"showSkybox":true,"showFlares":true,"showImageEffects":true,"showParticleSystems":true},"in2DMode":false,"pivot":{"x":-0.34252774715423586,"y":-0.1159297525882721,"z":0.16516578197479249},"rotation":{"x":-0.25479280948638918,"y":0.12346024811267853,"z":-0.0328182615339756,"w":-0.9585203528404236},"size":1.5482219457626343,"orthographic":false}