{"cameraMode":{"drawMode":0,"name":"Shaded","section":"Shading Mode"},"sceneLighting":false,"audioPlay":false,"sceneViewState":{"showFog":true,"showMaterialUpdate":false,"showSkybox":true,"showFlares":true,"showImageEffects":true,"showParticleSystems":true},"in2DMode":false,"pivot":{"x":4.76837158203125e-7,"y":2.2641868591308595,"z":0.0},"rotation":{"x":-0.2406456023454666,"y":0.33827754855155947,"z":-0.08992020785808563,"w":-0.9053023457527161},"size":12.128028869628907,"orthographic":false}