{"cameraMode":{"drawMode":0,"name":"Shaded","section":"Shading Mode"},"sceneLighting":false,"audioPlay":false,"sceneViewState":{"showFog":true,"showMaterialUpdate":false,"showSkybox":true,"showFlares":true,"showImageEffects":true,"showParticleSystems":true},"in2DMode":false,"pivot":{"x":45.0,"y":3.0000007152557375,"z":5.000000953674316},"rotation":{"x":-0.016284843906760217,"y":0.9702792167663574,"z":-0.23159976303577424,"w":-0.06822483986616135},"size":25.34779930114746,"orthographic":false}