{"cameraMode":{"drawMode":0,"name":"Shaded","section":"Shading Mode"},"sceneLighting":false,"audioPlay":false,"sceneViewState":{"showFog":true,"showMaterialUpdate":false,"showSkybox":true,"showFlares":true,"showImageEffects":true,"showParticleSystems":true},"in2DMode":false,"pivot":{"x":165.0000457763672,"y":2.999999761581421,"z":-165.0000457763672},"rotation":{"x":-0.016284843906760217,"y":0.9702792167663574,"z":-0.23159976303577424,"w":-0.06822483986616135},"size":25.347976684570314,"orthographic":false}