{"cameraMode":{"drawMode":0,"name":"Shaded","section":"Shading Mode"},"sceneLighting":false,"audioPlay":false,"sceneViewState":{"showFog":true,"showMaterialUpdate":false,"showSkybox":true,"showFlares":true,"showImageEffects":true,"showParticleSystems":true},"in2DMode":false,"pivot":{"x":4.999998569488525,"y":3.000000476837158,"z":-14.999999046325684},"rotation":{"x":-0.0002608607755973935,"y":0.9760472178459168,"z":-0.21755580604076386,"w":-0.001170395058579743},"size":25.347795486450197,"orthographic":false}