{"cameraMode":{"drawMode":0,"name":"Shaded","section":"Shading Mode"},"sceneLighting":false,"audioPlay":false,"sceneViewState":{"showFog":true,"showMaterialUpdate":false,"showSkybox":true,"showFlares":true,"showImageEffects":true,"showParticleSystems":true},"in2DMode":false,"pivot":{"x":231.2156982421875,"y":334.18975830078127,"z":690.8596801757813},"rotation":{"x":0.24483315646648408,"y":-0.38474026322364809,"z":0.10661274194717407,"w":0.8835527300834656},"size":443.79888916015627,"orthographic":false}