{"cameraMode":{"drawMode":0,"name":"Shaded","section":"Shading Mode"},"sceneLighting":true,"audioPlay":false,"sceneViewState":{"showFog":true,"showMaterialUpdate":false,"showSkybox":true,"showFlares":true,"showImageEffects":true,"showParticleSystems":true},"in2DMode":false,"pivot":{"x":-3.4328651428222658,"y":4.752140998840332,"z":7.662885665893555},"rotation":{"x":-0.0890650600194931,"y":0.6551820039749146,"z":-0.0782102569937706,"w":-0.7461147308349609},"size":10.088788032531739,"orthographic":false}